timeStamp,elapsed,label,responseCode,responseMessage,threadName,dataType,success,failureMessage,bytes,sentBytes,grpThreads,allThreads,URL,Latency,IdleTime,Connect
1747127608427,50,GET List USersPage=2/10,200,OK,10 concurrent users 3-1,text,true,,1659,374,1,6,https://reqres.in/api/users?page=2,50,0,35
1747127608478,14,GET List USersPage=2/10,200,OK,10 concurrent users 3-1,text,true,,1661,374,1,9,https://reqres.in/api/users?page=2,14,0,0
1747127608492,13,GET List USersPage=2/10,200,OK,10 concurrent users 3-1,text,true,,1662,374,1,9,https://reqres.in/api/users?page=2,13,0,0
1747127608505,13,GET List USersPage=2/10,200,OK,10 concurrent users 3-1,text,true,,1662,374,1,9,https://reqres.in/api/users?page=2,13,0,0
1747127608481,37,GET List USersPage=2/20,200,OK,20 concurrent users 4-2,text,true,,1659,374,2,9,https://reqres.in/api/users?page=2,37,0,11
1747127608518,10,GET List USersPage=2/10,200,OK,10 concurrent users 3-1,text,true,,1663,374,1,11,https://reqres.in/api/users?page=2,10,0,0
1747127608518,13,GET List USersPage=2/20,200,OK,20 concurrent users 4-2,text,true,,1661,374,2,11,https://reqres.in/api/users?page=2,13,0,0
1747127608531,13,GET List USersPage=2/20,200,OK,20 concurrent users 4-2,text,true,,1662,374,3,14,https://reqres.in/api/users?page=2,13,0,0
1747127608544,15,GET List USersPage=2/20,200,OK,20 concurrent users 4-2,text,true,,1662,374,3,14,https://reqres.in/api/users?page=2,15,0,0
1747127608429,139,GET List USersPage=2/20,200,OK,20 concurrent users 4-1,text,true,,1662,374,3,14,https://reqres.in/api/users?page=2,139,0,82
1747127608559,11,GET List USersPage=2/20,200,OK,20 concurrent users 4-2,text,true,,1663,374,3,14,https://reqres.in/api/users?page=2,11,0,0
1747127608568,52,GET List USersPage=2/20,200,OK,20 concurrent users 4-1,text,true,,1665,374,3,16,https://reqres.in/api/users?page=2,52,0,0
1747127608529,93,GET List USersPage=2/10,200,OK,10 concurrent users 3-2,text,true,,1662,374,1,16,https://reqres.in/api/users?page=2,93,0,54
1747127608532,90,GET List USersPage=2/20,200,OK,20 concurrent users 4-3,text,true,,1662,374,3,16,https://reqres.in/api/users?page=2,90,0,54
1747127608622,35,GET List USersPage=2/10,200,OK,10 concurrent users 3-2,text,true,,1664,374,2,22,https://reqres.in/api/users?page=2,35,0,0
1747127608623,35,GET List USersPage=2/20,200,OK,20 concurrent users 4-3,text,true,,1664,374,4,22,https://reqres.in/api/users?page=2,35,0,0
1747127608628,33,GET List USersPage=2/20,200,OK,20 concurrent users 4-5,text,true,,1659,374,4,22,https://reqres.in/api/users?page=2,33,0,10
1747127608620,41,GET List USersPage=2/20,200,OK,20 concurrent users 4-1,text,true,,1666,374,4,22,https://reqres.in/api/users?page=2,41,0,0
1747127608661,12,GET List USersPage=2/20,200,OK,20 concurrent users 4-5,text,true,,1661,374,4,22,https://reqres.in/api/users?page=2,12,0,0
1747127608673,17,GET List USersPage=2/20,200,OK,20 concurrent users 4-5,text,true,,1662,374,5,25,https://reqres.in/api/users?page=2,17,0,0
1747127608658,36,GET List USersPage=2/20,200,OK,20 concurrent users 4-3,text,true,,1666,374,5,25,https://reqres.in/api/users?page=2,36,0,0
1747127608580,120,GET List USersPage=2/20,200,OK,20 concurrent users 4-4,text,true,,1662,374,5,25,https://reqres.in/api/users?page=2,120,0,59
1747127608690,11,GET List USersPage=2/20,200,OK,20 concurrent users 4-5,text,true,,1662,374,5,25,https://reqres.in/api/users?page=2,11,0,0
1747127608658,45,GET List USersPage=2/10,200,OK,10 concurrent users 3-2,text,true,,1666,374,2,25,https://reqres.in/api/users?page=2,45,0,0
1747127608661,50,GET List USersPage=2/20,200,OK,20 concurrent users 4-1,text,true,,1666,374,5,25,https://reqres.in/api/users?page=2,50,0,0
1747127608701,13,GET List USersPage=2/20,200,OK,20 concurrent users 4-5,text,true,,1663,374,5,25,https://reqres.in/api/users?page=2,13,0,0
1747127608694,37,GET List USersPage=2/20,200,OK,20 concurrent users 4-3,text,true,,1666,374,5,29,https://reqres.in/api/users?page=2,37,0,0
1747127608629,104,GET List USersPage=2/10,200,OK,10 concurrent users 3-3,text,true,,1662,374,3,29,https://reqres.in/api/users?page=2,104,0,61
1747127608700,38,GET List USersPage=2/20,200,OK,20 concurrent users 4-4,text,true,,1665,374,5,30,https://reqres.in/api/users?page=2,38,0,0
1747127608712,42,GET List USersPage=2/20,200,OK,20 concurrent users 4-1,text,true,,1667,374,5,30,https://reqres.in/api/users?page=2,42,0,0
1747127608703,68,GET List USersPage=2/10,200,OK,10 concurrent users 3-2,text,true,,1666,374,3,29,https://reqres.in/api/users?page=2,68,0,0
1747127608731,41,GET List USersPage=2/20,200,OK,20 concurrent users 4-3,text,true,,1667,374,4,29,https://reqres.in/api/users?page=2,41,0,0
1747127608733,43,GET List USersPage=2/10,200,OK,10 concurrent users 3-3,text,true,,1664,374,3,28,https://reqres.in/api/users?page=2,43,0,0
1747127608679,97,GET List USersPage=2/20,200,OK,20 concurrent users 4-6,text,true,,1662,374,3,28,https://reqres.in/api/users?page=2,97,0,57
1747127608738,40,GET List USersPage=2/20,200,OK,20 concurrent users 4-4,text,true,,1666,374,3,29,https://reqres.in/api/users?page=2,40,0,0
1747127608771,35,GET List USersPage=2/10,200,OK,10 concurrent users 3-2,text,true,,1667,374,3,31,https://reqres.in/api/users?page=2,35,0,0
1747127608779,37,GET List USersPage=2/20,200,OK,20 concurrent users 4-4,text,true,,1666,374,4,30,https://reqres.in/api/users?page=2,37,0,0
1747127608776,41,GET List USersPage=2/10,200,OK,10 concurrent users 3-3,text,true,,1666,374,2,30,https://reqres.in/api/users?page=2,41,0,0
1747127608777,47,GET List USersPage=2/20,200,OK,20 concurrent users 4-6,text,true,,1664,374,4,31,https://reqres.in/api/users?page=2,47,0,0
1747127608728,103,GET List USersPage=2/10,200,OK,10 concurrent users 3-4,text,true,,1662,374,3,34,https://reqres.in/api/users?page=2,103,0,56
1747127608730,104,GET List USersPage=2/20,200,OK,20 concurrent users 4-7,text,true,,1662,374,5,35,https://reqres.in/api/users?page=2,104,0,64
1747127608816,38,GET List USersPage=2/20,200,OK,20 concurrent users 4-4,text,true,,1667,374,5,36,https://reqres.in/api/users?page=2,38,0,0
1747127608817,44,GET List USersPage=2/10,200,OK,10 concurrent users 3-3,text,true,,1666,374,3,35,https://reqres.in/api/users?page=2,44,0,0
1747127608824,39,GET List USersPage=2/20,200,OK,20 concurrent users 4-6,text,true,,1666,374,4,35,https://reqres.in/api/users?page=2,39,0,0
1747127608831,37,GET List USersPage=2/10,200,OK,10 concurrent users 3-4,text,true,,1664,374,3,35,https://reqres.in/api/users?page=2,37,0,0
1747127608830,46,GET List USersPage=2/20,200,OK,20 concurrent users 4-9,text,true,,1659,374,4,35,https://reqres.in/api/users?page=2,46,0,9
1747127608834,44,GET List USersPage=2/20,200,OK,20 concurrent users 4-7,text,true,,1664,374,4,36,https://reqres.in/api/users?page=2,44,0,0
1747127608780,99,GET List USersPage=2/20,200,OK,20 concurrent users 4-8,text,true,,1662,374,4,36,https://reqres.in/api/users?page=2,99,0,59
1747127608876,13,GET List USersPage=2/20,200,OK,20 concurrent users 4-9,text,true,,1661,374,5,38,https://reqres.in/api/users?page=2,13,0,0
1747127608863,40,GET List USersPage=2/20,200,OK,20 concurrent users 4-6,text,true,,1666,374,5,38,https://reqres.in/api/users?page=2,40,0,0
1747127608861,42,GET List USersPage=2/10,200,OK,10 concurrent users 3-3,text,true,,1667,374,3,38,https://reqres.in/api/users?page=2,42,0,0
1747127608889,16,GET List USersPage=2/20,200,OK,20 concurrent users 4-9,text,true,,1662,374,5,37,https://reqres.in/api/users?page=2,16,0,0
1747127608868,37,GET List USersPage=2/10,200,OK,10 concurrent users 3-4,text,true,,1666,374,2,37,https://reqres.in/api/users?page=2,37,0,0
1747127608485,424,POST Register 20,200,OK,20 concurrent users 6-2,text,true,,1230,489,10,37,https://reqres.in/api/register,424,0,55
1747127608905,11,GET List USersPage=2/20,200,OK,20 concurrent users 4-9,text,true,,1662,374,5,37,https://reqres.in/api/users?page=2,11,0,0
1747127608879,39,GET List USersPage=2/20,200,OK,20 concurrent users 4-8,text,true,,1664,374,5,37,https://reqres.in/api/users?page=2,39,0,0
1747127608431,489,POST Register 10,200,OK,10 concurrent users 5-1,text,true,,1228,489,5,37,https://reqres.in/api/register,489,0,31
1747127608878,45,GET List USersPage=2/20,200,OK,20 concurrent users 4-7,text,true,,1666,374,5,37,https://reqres.in/api/users?page=2,45,0,0
1747127608433,493,POST Register 20,200,OK,20 concurrent users 6-1,text,true,,1230,489,10,37,https://reqres.in/api/register,493,0,76
1747127608917,12,GET List USersPage=2/20,200,OK,20 concurrent users 4-9,text,true,,1663,374,6,41,https://reqres.in/api/users?page=2,12,0,0
1747127608830,105,GET List USersPage=2/10,200,OK,10 concurrent users 3-5,text,true,,1662,374,3,42,https://reqres.in/api/users?page=2,105,0,60
1747127608905,36,GET List USersPage=2/10,200,OK,10 concurrent users 3-4,text,true,,1666,374,3,42,https://reqres.in/api/users?page=2,36,0,0
1747127608903,51,GET List USersPage=2/20,200,OK,20 concurrent users 4-6,text,true,,1667,374,5,42,https://reqres.in/api/users?page=2,51,0,0
1747127608919,38,GET List USersPage=2/20,200,OK,20 concurrent users 4-8,text,true,,1666,374,4,41,https://reqres.in/api/users?page=2,38,0,0
1747127608923,38,GET List USersPage=2/20,200,OK,20 concurrent users 4-7,text,true,,1666,374,4,41,https://reqres.in/api/users?page=2,38,0,0
1747127608941,37,GET List USersPage=2/10,200,OK,10 concurrent users 3-4,text,true,,1667,374,3,42,https://reqres.in/api/users?page=2,37,0,0
1747127608532,452,POST Register 10,200,OK,10 concurrent users 5-2,text,true,,1230,489,6,42,https://reqres.in/api/register,452,0,58
1747127608957,38,GET List USersPage=2/20,200,OK,20 concurrent users 4-8,text,true,,1666,374,5,43,https://reqres.in/api/users?page=2,38,0,0
1747127608880,117,GET List USersPage=2/20,200,OK,20 concurrent users 4-10,text,true,,1662,374,5,43,https://reqres.in/api/users?page=2,117,0,68
1747127608935,63,GET List USersPage=2/10,200,OK,10 concurrent users 3-5,text,true,,1665,374,2,43,https://reqres.in/api/users?page=2,63,0,0
1747127608535,468,POST Register 20,200,OK,20 concurrent users 6-3,text,true,,1228,489,12,43,https://reqres.in/api/register,468,0,10
1747127608961,48,GET List USersPage=2/20,200,OK,20 concurrent users 4-7,text,true,,1667,374,5,43,https://reqres.in/api/users?page=2,48,0,0
1747127608928,96,GET List USersPage=2/20,200,OK,20 concurrent users 4-11,text,true,,1662,374,4,42,https://reqres.in/api/users?page=2,96,0,59
1747127608995,41,GET List USersPage=2/20,200,OK,20 concurrent users 4-8,text,true,,1667,374,5,48,https://reqres.in/api/users?page=2,41,0,0
1747127608997,39,GET List USersPage=2/20,200,OK,20 concurrent users 4-10,text,true,,1664,374,5,48,https://reqres.in/api/users?page=2,39,0,0
1747127608586,451,POST Register 20,200,OK,20 concurrent users 6-4,text,true,,1230,489,13,47,https://reqres.in/api/register,451,0,57
1747127608998,42,GET List USersPage=2/10,200,OK,10 concurrent users 3-5,text,true,,1666,374,3,47,https://reqres.in/api/users?page=2,42,0,0
1747127608928,116,GET List USersPage=2/10,200,OK,10 concurrent users 3-6,text,true,,1662,374,3,47,https://reqres.in/api/users?page=2,116,0,64
1747127609029,19,GET List USersPage=2/10,200,OK,10 concurrent users 3-7,text,true,,1659,374,3,47,https://reqres.in/api/users?page=2,19,0,8
1747127609031,25,GET List USersPage=2/20,200,OK,20 concurrent users 4-13,text,true,,1659,374,4,47,https://reqres.in/api/users?page=2,25,0,9
1747127609024,37,GET List USersPage=2/20,200,OK,20 concurrent users 4-11,text,true,,1664,374,4,47,https://reqres.in/api/users?page=2,37,0,0
1747127609048,17,GET List USersPage=2/10,200,OK,10 concurrent users 3-7,text,true,,1661,374,3,47,https://reqres.in/api/users?page=2,17,0,0
1747127608633,434,POST Register 10,200,OK,10 concurrent users 5-3,text,true,,1230,489,7,47,https://reqres.in/api/register,434,0,59
1747127609056,20,GET List USersPage=2/20,200,OK,20 concurrent users 4-13,text,true,,1661,374,4,47,https://reqres.in/api/users?page=2,20,0,0
1747127609065,12,GET List USersPage=2/10,200,OK,10 concurrent users 3-7,text,true,,1662,374,3,47,https://reqres.in/api/users?page=2,12,0,0
1747127609036,42,GET List USersPage=2/20,200,OK,20 concurrent users 4-10,text,true,,1666,374,4,47,https://reqres.in/api/users?page=2,42,0,0
1747127609041,38,GET List USersPage=2/10,200,OK,10 concurrent users 3-5,text,true,,1666,374,3,49,https://reqres.in/api/users?page=2,38,0,0
1747127608979,103,GET List USersPage=2/20,200,OK,20 concurrent users 4-12,text,true,,1662,374,5,49,https://reqres.in/api/users?page=2,103,0,57
1747127609044,42,GET List USersPage=2/10,200,OK,10 concurrent users 3-6,text,true,,1664,374,3,50,https://reqres.in/api/users?page=2,42,0,0
1747127609077,12,GET List USersPage=2/10,200,OK,10 concurrent users 3-7,text,true,,1662,374,3,50,https://reqres.in/api/users?page=2,12,0,0
1747127609076,22,GET List USersPage=2/20,200,OK,20 concurrent users 4-13,text,true,,1662,374,5,50,https://reqres.in/api/users?page=2,22,0,0
1747127608634,466,POST Register 20,200,OK,20 concurrent users 6-5,text,true,,1228,489,14,50,https://reqres.in/api/register,466,0,11
1747127609089,15,GET List USersPage=2/10,200,OK,10 concurrent users 3-7,text,true,,1663,374,3,50,https://reqres.in/api/users?page=2,15,0,0
1747127609061,49,GET List USersPage=2/20,200,OK,20 concurrent users 4-11,text,true,,1666,374,5,49,https://reqres.in/api/users?page=2,49,0,0
1747127609098,16,GET List USersPage=2/20,200,OK,20 concurrent users 4-13,text,true,,1662,374,5,49,https://reqres.in/api/users?page=2,16,0,0
1747127608684,432,POST Register 20,200,OK,20 concurrent users 6-6,text,true,,1230,489,14,49,https://reqres.in/api/register,432,0,61
1747127609078,39,GET List USersPage=2/20,200,OK,20 concurrent users 4-10,text,true,,1666,374,5,49,https://reqres.in/api/users?page=2,39,0,0
1747127609079,38,GET List USersPage=2/10,200,OK,10 concurrent users 3-5,text,true,,1667,374,2,49,https://reqres.in/api/users?page=2,38,0,0
1747127609082,37,GET List USersPage=2/20,200,OK,20 concurrent users 4-12,text,true,,1664,374,5,48,https://reqres.in/api/users?page=2,37,0,0
1747127609114,12,GET List USersPage=2/20,200,OK,20 concurrent users 4-13,text,true,,1663,374,5,49,https://reqres.in/api/users?page=2,12,0,0
1747127609086,45,GET List USersPage=2/10,200,OK,10 concurrent users 3-6,text,true,,1666,374,1,49,https://reqres.in/api/users?page=2,45,0,0
1747127609110,36,GET List USersPage=2/20,200,OK,20 concurrent users 4-11,text,true,,1666,374,5,53,https://reqres.in/api/users?page=2,36,0,0
1747127609119,37,GET List USersPage=2/20,200,OK,20 concurrent users 4-12,text,true,,1666,374,5,53,https://reqres.in/api/users?page=2,37,0,0
1747127609117,40,GET List USersPage=2/20,200,OK,20 concurrent users 4-10,text,true,,1667,374,5,53,https://reqres.in/api/users?page=2,40,0,0
1747127609131,34,GET List USersPage=2/10,200,OK,10 concurrent users 3-8,text,true,,1659,374,2,52,https://reqres.in/api/users?page=2,34,0,16
1747127609131,40,GET List USersPage=2/10,200,OK,10 concurrent users 3-6,text,true,,1666,374,2,52,https://reqres.in/api/users?page=2,40,0,0
1747127609165,12,GET List USersPage=2/10,200,OK,10 concurrent users 3-8,text,true,,1661,374,2,52,https://reqres.in/api/users?page=2,12,0,0
1747127608731,446,POST Register 10,200,OK,10 concurrent users 5-4,text,true,,1230,489,8,52,https://reqres.in/api/register,446,0,55
1747127609078,101,GET List USersPage=2/20,200,OK,20 concurrent users 4-14,text,true,,1662,374,5,54,https://reqres.in/api/users?page=2,101,0,62
1747127608737,448,POST Register 20,200,OK,20 concurrent users 6-7,text,true,,1230,489,16,55,https://reqres.in/api/register,448,0,56
1747127609177,11,GET List USersPage=2/10,200,OK,10 concurrent users 3-8,text,true,,1662,374,2,55,https://reqres.in/api/users?page=2,11,0,0
1747127609146,42,GET List USersPage=2/20,200,OK,20 concurrent users 4-11,text,true,,1667,374,5,55,https://reqres.in/api/users?page=2,42,0,0
1747127609188,11,GET List USersPage=2/10,200,OK,10 concurrent users 3-8,text,true,,1662,374,2,54,https://reqres.in/api/users?page=2,11,0,0
1747127609156,51,GET List USersPage=2/20,200,OK,20 concurrent users 4-12,text,true,,1666,374,4,54,https://reqres.in/api/users?page=2,51,0,0
1747127609199,11,GET List USersPage=2/10,200,OK,10 concurrent users 3-8,text,true,,1663,374,2,54,https://reqres.in/api/users?page=2,11,0,0
1747127609179,33,GET List USersPage=2/20,200,OK,20 concurrent users 4-16,text,true,,1659,374,4,53,https://reqres.in/api/users?page=2,33,0,9
1747127609171,41,GET List USersPage=2/10,200,OK,10 concurrent users 3-6,text,true,,1667,374,1,53,https://reqres.in/api/users?page=2,41,0,0
1747127609179,39,GET List USersPage=2/20,200,OK,20 concurrent users 4-14,text,true,,1664,374,4,52,https://reqres.in/api/users?page=2,39,0,0
1747127609212,21,GET List USersPage=2/20,200,OK,20 concurrent users 4-16,text,true,,1661,374,5,56,https://reqres.in/api/users?page=2,21,0,0
1747127609131,104,GET List USersPage=2/20,200,OK,20 concurrent users 4-15,text,true,,1662,374,5,58,https://reqres.in/api/users?page=2,104,0,60
1747127608785,460,POST Register 20,200,OK,20 concurrent users 6-8,text,true,,1230,489,17,58,https://reqres.in/api/register,460,0,58
1747127609207,39,GET List USersPage=2/20,200,OK,20 concurrent users 4-12,text,true,,1667,374,5,58,https://reqres.in/api/users?page=2,39,0,0
1747127609233,16,GET List USersPage=2/20,200,OK,20 concurrent users 4-16,text,true,,1662,374,4,57,https://reqres.in/api/users?page=2,16,0,0
1747127609218,39,GET List USersPage=2/20,200,OK,20 concurrent users 4-14,text,true,,1666,374,4,57,https://reqres.in/api/users?page=2,39,0,0
1747127609249,13,GET List USersPage=2/20,200,OK,20 concurrent users 4-16,text,true,,1662,374,4,57,https://reqres.in/api/users?page=2,13,0,0
1747127609235,38,GET List USersPage=2/20,200,OK,20 concurrent users 4-15,text,true,,1664,374,4,57,https://reqres.in/api/users?page=2,38,0,0
1747127609262,21,GET List USersPage=2/20,200,OK,20 concurrent users 4-16,text,true,,1663,374,5,59,https://reqres.in/api/users?page=2,21,0,0
1747127608836,450,POST Register 20,200,OK,20 concurrent users 6-9,text,true,,1230,489,18,59,https://reqres.in/api/register,450,0,56
1747127608909,380,POST Register 20,200,OK,20 concurrent users 6-2,text,true,,1231,489,18,59,https://reqres.in/api/register,380,0,0
1747127609257,40,GET List USersPage=2/20,200,OK,20 concurrent users 4-14,text,true,,1666,374,4,59,https://reqres.in/api/users?page=2,40,0,0
1747127608833,466,POST Register 10,200,OK,10 concurrent users 5-5,text,true,,1228,489,9,59,https://reqres.in/api/register,466,0,9
1747127608926,376,POST Register 20,200,OK,20 concurrent users 6-1,text,true,,1231,489,18,59,https://reqres.in/api/register,376,0,0
1747127608885,425,POST Register 20,200,OK,20 concurrent users 6-10,text,true,,1230,489,18,59,https://reqres.in/api/register,425,0,58
1747127609281,32,GET List USersPage=2/20,200,OK,20 concurrent users 4-18,text,true,,1659,374,4,59,https://reqres.in/api/users?page=2,32,0,18
1747127609273,41,GET List USersPage=2/20,200,OK,20 concurrent users 4-15,text,true,,1666,374,4,59,https://reqres.in/api/users?page=2,41,0,0
1747127609313,13,GET List USersPage=2/20,200,OK,20 concurrent users 4-18,text,true,,1661,374,4,59,https://reqres.in/api/users?page=2,13,0,0
1747127609228,99,GET List USersPage=2/10,200,OK,10 concurrent users 3-9,text,true,,1662,374,1,60,https://reqres.in/api/users?page=2,99,0,61
1747127609230,99,GET List USersPage=2/20,200,OK,20 concurrent users 4-17,text,true,,1662,374,4,62,https://reqres.in/api/users?page=2,99,0,55
1747127609297,38,GET List USersPage=2/20,200,OK,20 concurrent users 4-14,text,true,,1667,374,5,65,https://reqres.in/api/users?page=2,38,0,0
1747127609327,12,GET List USersPage=2/20,200,OK,20 concurrent users 4-18,text,true,,1662,374,4,64,https://reqres.in/api/users?page=2,12,0,0
1747127609339,13,GET List USersPage=2/20,200,OK,20 concurrent users 4-18,text,true,,1662,374,4,64,https://reqres.in/api/users?page=2,13,0,0
1747127609330,22,GET List USersPage=2/20,200,OK,20 concurrent users 4-19,text,true,,1659,374,4,64,https://reqres.in/api/users?page=2,22,0,9
1747127609314,39,GET List USersPage=2/20,200,OK,20 concurrent users 4-15,text,true,,1666,374,4,64,https://reqres.in/api/users?page=2,39,0,0
1747127609328,29,GET List USersPage=2/10,200,OK,10 concurrent users 3-10,text,true,,1659,374,2,64,https://reqres.in/api/users?page=2,29,0,9
1747127608931,430,POST Register 10,200,OK,10 concurrent users 5-6,text,true,,1230,489,10,64,https://reqres.in/api/register,430,0,56
1747127608984,379,POST Register 10,200,OK,10 concurrent users 5-2,text,true,,1231,489,10,64,https://reqres.in/api/register,379,0,0
1747127609352,14,GET List USersPage=2/20,200,OK,20 concurrent users 4-19,text,true,,1661,374,4,64,https://reqres.in/api/users?page=2,14,0,0
1747127609352,15,GET List USersPage=2/20,200,OK,20 concurrent users 4-18,text,true,,1663,374,4,64,https://reqres.in/api/users?page=2,15,0,0
1747127609327,41,GET List USersPage=2/10,200,OK,10 concurrent users 3-9,text,true,,1664,374,2,63,https://reqres.in/api/users?page=2,41,0,0
1747127609357,13,GET List USersPage=2/10,200,OK,10 concurrent users 3-10,text,true,,1661,374,2,63,https://reqres.in/api/users?page=2,13,0,0
1747127609329,48,GET List USersPage=2/20,200,OK,20 concurrent users 4-17,text,true,,1664,374,3,63,https://reqres.in/api/users?page=2,48,0,0
1747127608920,457,POST Register 10,200,OK,10 concurrent users 5-1,text,true,,1229,489,10,63,https://reqres.in/api/register,457,0,0
1747127608933,445,POST Register 20,200,OK,20 concurrent users 6-11,text,true,,1230,489,19,64,https://reqres.in/api/register,445,0,60
1747127609367,13,GET List USersPage=2/20,200,OK,20 concurrent users 4-19,text,true,,1662,374,4,65,https://reqres.in/api/users?page=2,13,0,0
1747127609370,12,GET List USersPage=2/10,200,OK,10 concurrent users 3-10,text,true,,1662,374,2,65,https://reqres.in/api/users?page=2,12,0,0
1747127609380,12,GET List USersPage=2/20,200,OK,20 concurrent users 4-19,text,true,,1662,374,4,66,https://reqres.in/api/users?page=2,12,0,0
1747127609382,18,GET List USersPage=2/10,200,OK,10 concurrent users 3-10,text,true,,1662,374,2,66,https://reqres.in/api/users?page=2,18,0,0
1747127609379,23,GET List USersPage=2/20,200,OK,20 concurrent users 4-20,text,true,,1659,374,4,66,https://reqres.in/api/users?page=2,23,0,12
1747127609392,12,GET List USersPage=2/20,200,OK,20 concurrent users 4-19,text,true,,1663,374,4,66,https://reqres.in/api/users?page=2,12,0,0
1747127609368,41,GET List USersPage=2/10,200,OK,10 concurrent users 3-9,text,true,,1666,374,2,65,https://reqres.in/api/users?page=2,41,0,0
1747127609400,12,GET List USersPage=2/10,200,OK,10 concurrent users 3-10,text,true,,1663,374,2,65,https://reqres.in/api/users?page=2,12,0,0
1747127609402,10,GET List USersPage=2/20,200,OK,20 concurrent users 4-20,text,true,,1661,374,3,64,https://reqres.in/api/users?page=2,10,0,0
1747127609377,37,GET List USersPage=2/20,200,OK,20 concurrent users 4-17,text,true,,1666,374,3,64,https://reqres.in/api/users?page=2,37,0,0
1747127609353,61,GET List USersPage=2/20,200,OK,20 concurrent users 4-15,text,true,,1667,374,3,64,https://reqres.in/api/users?page=2,61,0,0
1747127608984,434,POST Register 20,200,OK,20 concurrent users 6-12,text,true,,1230,489,20,63,https://reqres.in/api/register,434,0,61
1747127609037,388,POST Register 20,200,OK,20 concurrent users 6-4,text,true,,1232,489,20,63,https://reqres.in/api/register,388,0,0
1747127609413,13,GET List USersPage=2/20,200,OK,20 concurrent users 4-20,text,true,,1662,374,2,63,https://reqres.in/api/users?page=2,13,0,0
1747127609067,370,POST Register 10,200,OK,10 concurrent users 5-3,text,true,,1231,489,10,63,https://reqres.in/api/register,370,0,0
1747127609426,16,GET List USersPage=2/20,200,OK,20 concurrent users 4-20,text,true,,1662,374,2,63,https://reqres.in/api/users?page=2,16,0,0
1747127609409,39,GET List USersPage=2/10,200,OK,10 concurrent users 3-9,text,true,,1666,374,1,63,https://reqres.in/api/users?page=2,39,0,0
1747127609414,37,GET List USersPage=2/20,200,OK,20 concurrent users 4-17,text,true,,1666,374,2,63,https://reqres.in/api/users?page=2,37,0,0
1747127609443,15,GET List USersPage=2/20,200,OK,20 concurrent users 4-20,text,true,,1663,374,2,63,https://reqres.in/api/users?page=2,15,0,0
1747127609003,459,POST Register 20,200,OK,20 concurrent users 6-3,text,true,,1229,489,20,62,https://reqres.in/api/register,459,0,0
1747127609035,432,POST Register 20,200,OK,20 concurrent users 6-13,text,true,,1230,489,20,62,https://reqres.in/api/register,432,0,62
1747127609448,39,GET List USersPage=2/10,200,OK,10 concurrent users 3-9,text,true,,1667,374,1,62,https://reqres.in/api/users?page=2,39,0,0
1747127609451,37,GET List USersPage=2/20,200,OK,20 concurrent users 4-17,text,true,,1667,374,1,61,https://reqres.in/api/users?page=2,37,0,0
1747127609032,465,POST Register 10,200,OK,10 concurrent users 5-7,text,true,,1228,489,10,60,https://reqres.in/api/register,465,0,8
1747127609117,388,POST Register 20,200,OK,20 concurrent users 6-6,text,true,,1231,489,20,60,https://reqres.in/api/register,388,0,0
1747127609085,449,POST Register 20,200,OK,20 concurrent users 6-14,text,true,,1230,489,20,60,https://reqres.in/api/register,449,0,63
1747127609100,457,POST Register 20,200,OK,20 concurrent users 6-5,text,true,,1230,489,20,60,https://reqres.in/api/register,457,0,0
1747127609177,386,POST Register 10,200,OK,10 concurrent users 5-4,text,true,,1232,489,10,60,https://reqres.in/api/register,386,0,0
1747127609185,383,POST Register 20,200,OK,20 concurrent users 6-7,text,true,,1231,489,20,60,https://reqres.in/api/register,383,0,0
1747127609134,435,POST Register 20,200,OK,20 concurrent users 6-15,text,true,,1230,489,20,60,https://reqres.in/api/register,435,0,63
1747127609134,436,POST Register 10,200,OK,10 concurrent users 5-8,text,true,,1230,489,10,60,https://reqres.in/api/register,436,0,61
1747127609245,366,POST Register 20,200,OK,20 concurrent users 6-8,text,true,,1231,489,20,60,https://reqres.in/api/register,366,0,0
1747127609185,430,POST Register 20,200,OK,20 concurrent users 6-16,text,true,,1230,489,20,60,https://reqres.in/api/register,430,0,58
1747127609289,365,POST Register 20,200,OK,20 concurrent users 6-2,text,true,,1233,489,20,60,https://reqres.in/api/register,365,0,0
1747127609286,387,POST Register 20,200,OK,20 concurrent users 6-9,text,true,,1232,489,20,60,https://reqres.in/api/register,387,0,0
1747127609233,444,POST Register 20,200,OK,20 concurrent users 6-17,text,true,,1230,489,20,60,https://reqres.in/api/register,444,0,56
1747127609310,376,POST Register 20,200,OK,20 concurrent users 6-10,text,true,,1232,489,20,60,https://reqres.in/api/register,376,0,0
1747127609302,388,POST Register 20,200,OK,20 concurrent users 6-1,text,true,,1233,489,20,60,https://reqres.in/api/register,388,0,0
1747127609233,481,POST Register 10,200,OK,10 concurrent users 5-9,text,true,,1228,489,10,60,https://reqres.in/api/register,481,0,11
1747127609361,376,POST Register 10,200,OK,10 concurrent users 5-6,text,true,,1231,489,10,60,https://reqres.in/api/register,376,0,0
1747127609363,389,POST Register 10,200,OK,10 concurrent users 5-2,text,true,,1232,489,10,60,https://reqres.in/api/register,389,0,0
1747127609284,470,POST Register 20,200,OK,20 concurrent users 6-18,text,true,,1228,489,20,60,https://reqres.in/api/register,470,0,8
1747127609378,377,POST Register 20,200,OK,20 concurrent users 6-11,text,true,,1230,489,20,60,https://reqres.in/api/register,377,0,0
1747127609299,459,POST Register 10,200,OK,10 concurrent users 5-5,text,true,,1230,489,10,60,https://reqres.in/api/register,459,0,0
1747127609334,426,POST Register 10,200,OK,10 concurrent users 5-10,text,true,,1229,489,10,60,https://reqres.in/api/register,426,0,55
1747127609425,373,POST Register 20,429,Too Many Requests,20 concurrent users 6-4,text,false,Test failed: code expected to contain /200/,1245,489,20,60,https://reqres.in/api/register,373,0,0
1747127609418,392,POST Register 20,200,OK,20 concurrent users 6-12,text,true,,1230,489,20,60,https://reqres.in/api/register,392,0,0
1747127609334,487,POST Register 20,200,OK,20 concurrent users 6-19,text,true,,1227,489,20,60,https://reqres.in/api/register,487,0,12
1747127609437,388,POST Register 10,429,Too Many Requests,10 concurrent users 5-3,text,false,Test failed: code expected to contain /200/,1245,489,10,60,https://reqres.in/api/register,388,0,0
1747127609377,467,POST Register 10,429,Too Many Requests,10 concurrent users 5-1,text,false,Test failed: code expected to contain /200/,1243,489,10,60,https://reqres.in/api/register,467,0,0
1747127609384,461,POST Register 20,429,Too Many Requests,20 concurrent users 6-20,text,false,Test failed: code expected to contain /200/,1240,489,20,60,https://reqres.in/api/register,461,0,8
1747127609467,405,POST Register 20,429,Too Many Requests,20 concurrent users 6-13,text,false,Test failed: code expected to contain /200/,1243,489,20,60,https://reqres.in/api/register,405,0,0
1747127609505,389,POST Register 20,429,Too Many Requests,20 concurrent users 6-6,text,false,Test failed: code expected to contain /200/,1245,489,20,60,https://reqres.in/api/register,389,0,0
1747127609463,460,POST Register 20,429,Too Many Requests,20 concurrent users 6-3,text,false,Test failed: code expected to contain /200/,1243,489,20,60,https://reqres.in/api/register,460,0,0
1747127609534,390,POST Register 20,429,Too Many Requests,20 concurrent users 6-14,text,false,Test failed: code expected to contain /200/,1244,489,20,60,https://reqres.in/api/register,390,0,0
1747127609570,373,POST Register 20,429,Too Many Requests,20 concurrent users 6-15,text,false,Test failed: code expected to contain /200/,1244,489,20,60,https://reqres.in/api/register,373,0,0
1747127609564,385,POST Register 10,429,Too Many Requests,10 concurrent users 5-4,text,false,Test failed: code expected to contain /200/,1245,489,10,60,https://reqres.in/api/register,385,0,0
1747127609568,385,POST Register 20,429,Too Many Requests,20 concurrent users 6-7,text,false,Test failed: code expected to contain /200/,1245,489,20,60,https://reqres.in/api/register,385,0,0
1747127609497,456,POST Register 10,429,Too Many Requests,10 concurrent users 5-7,text,false,Test failed: code expected to contain /200/,1241,489,10,60,https://reqres.in/api/register,456,0,0
1747127609570,392,POST Register 10,429,Too Many Requests,10 concurrent users 5-8,text,false,Test failed: code expected to contain /200/,1243,489,10,60,https://reqres.in/api/register,392,0,0
1747127609616,370,POST Register 20,429,Too Many Requests,20 concurrent users 6-16,text,false,Test failed: code expected to contain /200/,1244,489,20,60,https://reqres.in/api/register,370,0,0
1747127609612,381,POST Register 20,429,Too Many Requests,20 concurrent users 6-8,text,false,Test failed: code expected to contain /200/,1245,489,20,60,https://reqres.in/api/register,381,0,0
1747127609557,462,POST Register 20,429,Too Many Requests,20 concurrent users 6-5,text,false,Test failed: code expected to contain /200/,1243,489,20,60,https://reqres.in/api/register,462,0,0
1747127609677,366,POST Register 20,429,Too Many Requests,20 concurrent users 6-17,text,false,Test failed: code expected to contain /200/,1244,489,20,60,https://reqres.in/api/register,366,0,0
1747127609654,400,POST Register 20,429,Too Many Requests,20 concurrent users 6-2,text,false,Test failed: code expected to contain /200/,1245,489,20,60,https://reqres.in/api/register,400,0,0
1747127609674,385,POST Register 20,429,Too Many Requests,20 concurrent users 6-9,text,false,Test failed: code expected to contain /200/,1245,489,20,60,https://reqres.in/api/register,385,0,0
1747127609690,369,POST Register 20,429,Too Many Requests,20 concurrent users 6-1,text,false,Test failed: code expected to contain /200/,1245,489,20,60,https://reqres.in/api/register,369,0,0
1747127609686,425,POST Register 20,429,Too Many Requests,20 concurrent users 6-10,text,false,Test failed: code expected to contain /200/,1245,489,20,60,https://reqres.in/api/register,425,0,0
1747127609760,363,POST Register 10,429,Too Many Requests,10 concurrent users 5-10,text,false,Test failed: code expected to contain /200/,1243,489,10,60,https://reqres.in/api/register,363,0,0
1747127609737,391,POST Register 10,429,Too Many Requests,10 concurrent users 5-6,text,false,Test failed: code expected to contain /200/,1245,489,10,60,https://reqres.in/api/register,391,0,0
1747127609752,385,POST Register 10,429,Too Many Requests,10 concurrent users 5-2,text,false,Test failed: code expected to contain /200/,1245,489,10,60,https://reqres.in/api/register,385,0,0
1747127609756,392,POST Register 20,429,Too Many Requests,20 concurrent users 6-11,text,false,Test failed: code expected to contain /200/,1245,489,20,60,https://reqres.in/api/register,392,0,0
1747127609715,459,POST Register 10,429,Too Many Requests,10 concurrent users 5-9,text,false,Test failed: code expected to contain /200/,1242,489,10,60,https://reqres.in/api/register,459,0,0
1747127609810,366,POST Register 20,429,Too Many Requests,20 concurrent users 6-12,text,false,Test failed: code expected to contain /200/,1245,489,20,60,https://reqres.in/api/register,366,0,0
1747127609799,382,POST Register 20,429,Too Many Requests,20 concurrent users 6-4,text,false,Test failed: code expected to contain /200/,1245,489,20,60,https://reqres.in/api/register,382,0,0
1747127609755,461,POST Register 20,429,Too Many Requests,20 concurrent users 6-18,text,false,Test failed: code expected to contain /200/,1241,489,20,60,https://reqres.in/api/register,461,0,0
1747127609758,458,POST Register 10,429,Too Many Requests,10 concurrent users 5-5,text,false,Test failed: code expected to contain /200/,1243,489,10,60,https://reqres.in/api/register,458,0,0
1747127609826,394,POST Register 10,429,Too Many Requests,10 concurrent users 5-3,text,false,Test failed: code expected to contain /200/,1245,489,10,60,https://reqres.in/api/register,394,0,0
1747127609895,369,POST Register 20,429,Too Many Requests,20 concurrent users 6-6,text,false,Test failed: code expected to contain /200/,1245,489,20,60,https://reqres.in/api/register,369,0,0
1747127609873,386,POST Register 20,429,Too Many Requests,20 concurrent users 6-13,text,false,Test failed: code expected to contain /200/,1245,489,20,60,https://reqres.in/api/register,386,0,0
1747127609822,459,POST Register 20,429,Too Many Requests,20 concurrent users 6-19,text,false,Test failed: code expected to contain /200/,1242,489,20,60,https://reqres.in/api/register,459,0,0
1747127609925,365,POST Register 20,429,Too Many Requests,20 concurrent users 6-14,text,false,Test failed: code expected to contain /200/,1245,489,20,60,https://reqres.in/api/register,365,0,0
1747127609845,457,POST Register 10,429,Too Many Requests,10 concurrent users 5-1,text,false,Test failed: code expected to contain /200/,1244,489,10,60,https://reqres.in/api/register,457,0,0
1747127609846,463,POST Register 20,429,Too Many Requests,20 concurrent users 6-20,text,false,Test failed: code expected to contain /200/,1241,489,20,60,https://reqres.in/api/register,463,0,0
1747127609953,367,POST Register 20,429,Too Many Requests,20 concurrent users 6-7,text,false,Test failed: code expected to contain /200/,1245,489,20,60,https://reqres.in/api/register,367,0,0
1747127609944,384,POST Register 20,429,Too Many Requests,20 concurrent users 6-15,text,false,Test failed: code expected to contain /200/,1245,489,20,60,https://reqres.in/api/register,384,0,0
1747127609949,385,POST Register 10,429,Too Many Requests,10 concurrent users 5-4,text,false,Test failed: code expected to contain /200/,1245,489,10,60,https://reqres.in/api/register,385,0,0
1747127609962,372,POST Register 10,429,Too Many Requests,10 concurrent users 5-8,text,false,Test failed: code expected to contain /200/,1245,489,10,60,https://reqres.in/api/register,372,0,0
1747127609987,368,POST Register 20,429,Too Many Requests,20 concurrent users 6-16,text,false,Test failed: code expected to contain /200/,1245,489,20,60,https://reqres.in/api/register,367,0,0
1747127609924,454,POST Register 20,429,Too Many Requests,20 concurrent users 6-3,text,false,Test failed: code expected to contain /200/,1244,489,20,60,https://reqres.in/api/register,454,0,0
1747127609993,386,POST Register 20,429,Too Many Requests,20 concurrent users 6-8,text,false,Test failed: code expected to contain /200/,1245,489,20,60,https://reqres.in/api/register,386,0,0
1747127609953,455,POST Register 10,429,Too Many Requests,10 concurrent users 5-7,text,false,Test failed: code expected to contain /200/,1243,489,10,60,https://reqres.in/api/register,455,0,0
1747127610043,367,POST Register 20,429,Too Many Requests,20 concurrent users 6-17,text,false,Test failed: code expected to contain /200/,1245,489,20,60,https://reqres.in/api/register,367,0,0
1747127610059,366,POST Register 20,429,Too Many Requests,20 concurrent users 6-9,text,false,Test failed: code expected to contain /200/,1245,489,20,60,https://reqres.in/api/register,366,0,0
1747127610059,369,POST Register 20,429,Too Many Requests,20 concurrent users 6-1,text,false,Test failed: code expected to contain /200/,1245,489,20,60,https://reqres.in/api/register,369,0,0
1747127610054,385,POST Register 20,429,Too Many Requests,20 concurrent users 6-2,text,false,Test failed: code expected to contain /200/,1245,489,19,59,https://reqres.in/api/register,385,0,0
1747127610019,456,POST Register 20,429,Too Many Requests,20 concurrent users 6-5,text,false,Test failed: code expected to contain /200/,1251,489,18,58,https://reqres.in/api/register,456,0,0
1747127610111,372,POST Register 20,429,Too Many Requests,20 concurrent users 6-10,text,false,Test failed: code expected to contain /200/,1253,489,18,58,https://reqres.in/api/register,372,0,0
1747127610128,372,POST Register 10,429,Too Many Requests,10 concurrent users 5-6,text,false,Test failed: code expected to contain /200/,1253,489,10,58,https://reqres.in/api/register,372,0,0
1747127610137,370,POST Register 10,429,Too Many Requests,10 concurrent users 5-2,text,false,Test failed: code expected to contain /200/,1253,489,10,58,https://reqres.in/api/register,370,0,0
1747127610123,385,POST Register 10,429,Too Many Requests,10 concurrent users 5-10,text,false,Test failed: code expected to contain /200/,1253,489,10,58,https://reqres.in/api/register,385,0,0
1747127610148,367,POST Register 20,429,Too Many Requests,20 concurrent users 6-11,text,false,Test failed: code expected to contain /200/,1253,489,18,57,https://reqres.in/api/register,367,0,0
1747127610176,384,POST Register 20,429,Too Many Requests,20 concurrent users 6-12,text,false,Test failed: code expected to contain /200/,1253,489,18,57,https://reqres.in/api/register,384,0,0
1747127610181,381,POST Register 20,429,Too Many Requests,20 concurrent users 6-4,text,false,Test failed: code expected to contain /200/,1253,489,18,57,https://reqres.in/api/register,381,0,0
1747127610221,383,POST Register 10,429,Too Many Requests,10 concurrent users 5-3,text,false,Test failed: code expected to contain /200/,1253,489,9,56,https://reqres.in/api/register,383,0,0
1747127610174,458,POST Register 10,429,Too Many Requests,10 concurrent users 5-9,text,false,Test failed: code expected to contain /200/,1252,489,8,55,https://reqres.in/api/register,458,0,0
1747127610270,373,POST Register 20,429,Too Many Requests,20 concurrent users 6-6,text,false,Test failed: code expected to contain /200/,1253,489,17,55,https://reqres.in/api/register,373,0,0
1747127610290,368,POST Register 20,429,Too Many Requests,20 concurrent users 6-14,text,false,Test failed: code expected to contain /200/,1253,489,16,54,https://reqres.in/api/register,368,0,0
1747127610270,388,POST Register 20,429,Too Many Requests,20 concurrent users 6-13,text,false,Test failed: code expected to contain /200/,1253,489,16,54,https://reqres.in/api/register,388,0,0
1747127610217,460,POST Register 20,429,Too Many Requests,20 concurrent users 6-18,text,false,Test failed: code expected to contain /200/,1252,489,16,54,https://reqres.in/api/register,460,0,0
1747127610217,477,POST Register 10,429,Too Many Requests,10 concurrent users 5-5,text,false,Test failed: code expected to contain /200/,1251,489,8,54,https://reqres.in/api/register,477,0,0
1747127610320,382,POST Register 20,429,Too Many Requests,20 concurrent users 6-7,text,false,Test failed: code expected to contain /200/,1253,489,16,54,https://reqres.in/api/register,382,0,0
1747127610335,369,POST Register 10,429,Too Many Requests,10 concurrent users 5-8,text,false,Test failed: code expected to contain /200/,1253,489,8,53,https://reqres.in/api/register,369,0,0
1747127610329,388,POST Register 20,429,Too Many Requests,20 concurrent users 6-15,text,false,Test failed: code expected to contain /200/,1253,489,15,53,https://reqres.in/api/register,388,0,0
1747127610334,384,POST Register 10,429,Too Many Requests,10 concurrent users 5-4,text,false,Test failed: code expected to contain /200/,1253,489,8,53,https://reqres.in/api/register,384,0,0
1747127610282,453,POST Register 20,429,Too Many Requests,20 concurrent users 6-19,text,false,Test failed: code expected to contain /200/,1252,489,15,52,https://reqres.in/api/register,453,0,0
1747127610355,388,POST Register 20,429,Too Many Requests,20 concurrent users 6-16,text,false,Test failed: code expected to contain /200/,1253,489,15,52,https://reqres.in/api/register,388,0,0
1747127610379,384,POST Register 20,429,Too Many Requests,20 concurrent users 6-8,text,false,Test failed: code expected to contain /200/,1253,489,15,52,https://reqres.in/api/register,384,0,0
1747127610303,462,POST Register 10,429,Too Many Requests,10 concurrent users 5-1,text,false,Test failed: code expected to contain /200/,1252,489,7,51,https://reqres.in/api/register,462,0,0
1747127610309,458,POST Register 20,429,Too Many Requests,20 concurrent users 6-20,text,false,Test failed: code expected to contain /200/,1251,489,14,50,https://reqres.in/api/register,458,0,0
1747127610426,365,POST Register 20,429,Too Many Requests,20 concurrent users 6-9,text,false,Test failed: code expected to contain /200/,1253,489,14,50,https://reqres.in/api/register,365,0,0
1747127610410,395,POST Register 20,429,Too Many Requests,20 concurrent users 6-17,text,false,Test failed: code expected to contain /200/,1253,489,13,49,https://reqres.in/api/register,395,0,0
1747127610378,456,POST Register 20,429,Too Many Requests,20 concurrent users 6-3,text,false,Test failed: code expected to contain /200/,1252,489,13,49,https://reqres.in/api/register,456,0,0
1747127610483,372,POST Register 20,429,Too Many Requests,20 concurrent users 6-10,text,false,Test failed: code expected to contain /200/,1253,489,12,48,https://reqres.in/api/register,372,0,0
1747127610408,456,POST Register 10,429,Too Many Requests,10 concurrent users 5-7,text,false,Test failed: code expected to contain /200/,1251,489,6,47,https://reqres.in/api/register,456,0,0
1747127610516,365,POST Register 20,429,Too Many Requests,20 concurrent users 6-11,text,false,Test failed: code expected to contain /200/,1253,489,11,47,https://reqres.in/api/register,365,0,0
1747127610501,390,POST Register 10,429,Too Many Requests,10 concurrent users 5-6,text,false,Test failed: code expected to contain /200/,1253,489,6,46,https://reqres.in/api/register,390,0,0
1747127610509,388,POST Register 10,429,Too Many Requests,10 concurrent users 5-10,text,false,Test failed: code expected to contain /200/,1253,489,5,45,https://reqres.in/api/register,387,0,0
1747127610560,368,POST Register 20,429,Too Many Requests,20 concurrent users 6-12,text,false,Test failed: code expected to contain /200/,1253,489,10,45,https://reqres.in/api/register,368,0,0
1747127610476,461,POST Register 20,429,Too Many Requests,20 concurrent users 6-5,text,false,Test failed: code expected to contain /200/,1252,489,9,44,https://reqres.in/api/register,461,0,0
1747127610659,368,POST Register 20,429,Too Many Requests,20 concurrent users 6-13,text,false,Test failed: code expected to contain /200/,1253,489,8,43,https://reqres.in/api/register,368,0,0
1747127610658,385,POST Register 20,429,Too Many Requests,20 concurrent users 6-14,text,false,Test failed: code expected to contain /200/,1253,489,7,42,https://reqres.in/api/register,385,0,0
1747127610705,370,POST Register 10,429,Too Many Requests,10 concurrent users 5-8,text,false,Test failed: code expected to contain /200/,1253,489,5,41,https://reqres.in/api/register,370,0,0
1747127610632,457,POST Register 10,429,Too Many Requests,10 concurrent users 5-9,text,false,Test failed: code expected to contain /200/,1252,489,4,40,https://reqres.in/api/register,457,0,0
1747127610717,390,POST Register 20,429,Too Many Requests,20 concurrent users 6-15,text,false,Test failed: code expected to contain /200/,1253,489,6,40,https://reqres.in/api/register,389,0,0
1747127610744,365,POST Register 20,429,Too Many Requests,20 concurrent users 6-16,text,false,Test failed: code expected to contain /200/,1253,489,5,39,https://reqres.in/api/register,365,0,0
1747127610678,457,POST Register 20,429,Too Many Requests,20 concurrent users 6-18,text,false,Test failed: code expected to contain /200/,1252,489,4,38,https://reqres.in/api/register,457,0,0
1747127610695,460,POST Register 10,429,Too Many Requests,10 concurrent users 5-5,text,false,Test failed: code expected to contain /200/,1251,489,4,38,https://reqres.in/api/register,460,0,0
1747127610805,384,POST Register 20,429,Too Many Requests,20 concurrent users 6-17,text,false,Test failed: code expected to contain /200/,1253,489,4,37,https://reqres.in/api/register,384,0,0
1747127610736,456,POST Register 20,429,Too Many Requests,20 concurrent users 6-19,text,false,Test failed: code expected to contain /200/,1252,489,3,36,https://reqres.in/api/register,456,0,0
1747127610767,456,POST Register 20,429,Too Many Requests,20 concurrent users 6-20,text,false,Test failed: code expected to contain /200/,1252,489,3,36,https://reqres.in/api/register,456,0,0
1747127608423,2807,Sci tu for 10,200,OK,10 concurrent users 1-1,text,true,,38551,351,10,36,https://sci.tu.ac.th/all-undergrad-th/,2704,0,221
1747127610897,363,POST Register 10,429,Too Many Requests,10 concurrent users 5-10,text,false,Test failed: code expected to contain /200/,1253,489,3,36,https://reqres.in/api/register,363,0,0
1747127610864,461,POST Register 10,429,Too Many Requests,10 concurrent users 5-7,text,false,Test failed: code expected to contain /200/,1252,489,2,35,https://reqres.in/api/register,461,0,0
1747127611090,460,POST Register 10,429,Too Many Requests,10 concurrent users 5-9,text,false,Test failed: code expected to contain /200/,1244,489,1,34,https://reqres.in/api/register,460,0,0
1747127611135,472,POST Register 20,429,Too Many Requests,20 concurrent users 6-18,text,false,Test failed: code expected to contain /200/,1244,489,3,33,https://reqres.in/api/register,472,0,0
1747127611193,457,POST Register 20,429,Too Many Requests,20 concurrent users 6-19,text,false,Test failed: code expected to contain /200/,1244,489,2,32,https://reqres.in/api/register,457,0,0
1747127611223,465,POST Register 20,429,Too Many Requests,20 concurrent users 6-20,text,false,Test failed: code expected to contain /200/,1244,489,1,31,https://reqres.in/api/register,465,0,0
1747127608478,3277,Sci tu for 20,200,OK,20 concurrent users 2-2,text,true,,38464,351,20,30,https://sci.tu.ac.th/all-undergrad-th/,3165,0,210
1747127608524,3265,Sci tu for 10,200,OK,10 concurrent users 1-2,text,true,,38465,351,10,30,https://sci.tu.ac.th/all-undergrad-th/,3160,0,210
1747127608426,3406,Sci tu for 20,200,OK,20 concurrent users 2-1,text,true,,38464,351,20,30,https://sci.tu.ac.th/all-undergrad-th/,3257,0,221
1747127608526,3429,Sci tu for 20,200,OK,20 concurrent users 2-3,text,true,,38463,351,20,30,https://sci.tu.ac.th/all-undergrad-th/,3325,0,211
1747127608625,3429,Sci tu for 10,200,OK,10 concurrent users 1-3,text,true,,38461,351,10,30,https://sci.tu.ac.th/all-undergrad-th/,3301,0,211
1747127608579,3522,Sci tu for 20,200,OK,20 concurrent users 2-4,text,true,,38464,351,20,30,https://sci.tu.ac.th/all-undergrad-th/,3342,0,212
1747127608677,3567,Sci tu for 20,200,OK,20 concurrent users 2-6,text,true,,38461,351,20,30,https://sci.tu.ac.th/all-undergrad-th/,3424,0,215
1747127608728,3950,Sci tu for 20,200,OK,20 concurrent users 2-7,text,true,,38465,351,20,30,https://sci.tu.ac.th/all-undergrad-th/,3736,0,213
1747127608627,4195,Sci tu for 20,200,OK,20 concurrent users 2-5,text,true,,38465,351,20,30,https://sci.tu.ac.th/all-undergrad-th/,3736,0,213
1747127608728,4854,Sci tu for 10,200,OK,10 concurrent users 1-4,text,true,,38462,351,10,30,https://sci.tu.ac.th/all-undergrad-th/,4745,0,213
1747127613581,210,Sci tu for 10,500,Internal Server Error,10 concurrent users 1-4,text,false,,1856,351,10,30,https://sci.tu.ac.th/all-undergrad-th/,210,0,0
1747127613792,205,Sci tu for 10,500,Internal Server Error,10 concurrent users 1-4,text,false,,1856,351,10,30,https://sci.tu.ac.th/all-undergrad-th/,205,0,0
1747127613998,218,Sci tu for 10,500,Internal Server Error,10 concurrent users 1-4,text,false,,1856,351,10,30,https://sci.tu.ac.th/all-undergrad-th/,218,0,0
1747127614217,218,Sci tu for 10,500,Internal Server Error,10 concurrent users 1-4,text,false,,1856,351,10,30,https://sci.tu.ac.th/all-undergrad-th/,218,0,0
1747127608824,8076,Sci tu for 10,200,OK,10 concurrent users 1-5,text,true,,38463,351,9,29,https://sci.tu.ac.th/all-undergrad-th/,7896,0,212
1747127608778,8150,Sci tu for 20,200,OK,20 concurrent users 2-8,text,true,,38198,351,20,29,https://sci.tu.ac.th/all-undergrad-th/,7946,0,213
1747127608827,9551,Sci tu for 20,200,OK,20 concurrent users 2-9,text,true,,38461,351,20,29,https://sci.tu.ac.th/all-undergrad-th/,9445,0,211
1747127618378,193,Sci tu for 20,500,Internal Server Error,20 concurrent users 2-9,text,false,,1854,351,20,29,https://sci.tu.ac.th/all-undergrad-th/,193,0,0
1747127618571,196,Sci tu for 20,500,Internal Server Error,20 concurrent users 2-9,text,false,,1854,351,20,29,https://sci.tu.ac.th/all-undergrad-th/,196,0,0
1747127618767,191,Sci tu for 20,500,Internal Server Error,20 concurrent users 2-9,text,false,,1854,351,20,29,https://sci.tu.ac.th/all-undergrad-th/,191,0,0
1747127609078,10206,Sci tu for 20,200,OK,20 concurrent users 2-14,text,true,,38461,351,20,29,https://sci.tu.ac.th/all-undergrad-th/,10099,0,215
1747127609027,10317,Sci tu for 20,200,OK,20 concurrent users 2-13,text,true,,38464,351,20,29,https://sci.tu.ac.th/all-undergrad-th/,10163,0,217
1747127608978,10403,Sci tu for 20,200,OK,20 concurrent users 2-12,text,true,,38465,351,20,29,https://sci.tu.ac.th/all-undergrad-th/,10297,0,214
1747127608877,10516,Sci tu for 20,200,OK,20 concurrent users 2-10,text,true,,38464,351,20,29,https://sci.tu.ac.th/all-undergrad-th/,10412,0,210
1747127609027,10373,Sci tu for 10,200,OK,10 concurrent users 1-7,text,true,,38459,351,9,29,https://sci.tu.ac.th/all-undergrad-th/,10264,0,218
1747127608926,10542,Sci tu for 10,200,OK,10 concurrent users 1-6,text,true,,38464,351,9,29,https://sci.tu.ac.th/all-undergrad-th/,10301,0,213
1747127608927,10573,Sci tu for 20,200,OK,20 concurrent users 2-11,text,true,,38465,351,20,29,https://sci.tu.ac.th/all-undergrad-th/,10434,0,211
1747127619500,190,Sci tu for 20,500,Internal Server Error,20 concurrent users 2-11,text,false,,1859,351,20,29,https://sci.tu.ac.th/all-undergrad-th/,189,0,0
1747127609126,10689,Sci tu for 10,200,OK,10 concurrent users 1-8,text,true,,38461,351,9,29,https://sci.tu.ac.th/all-undergrad-th/,10583,0,212
1747127609131,10757,Sci tu for 20,200,OK,20 concurrent users 2-15,text,true,,38465,351,20,29,https://sci.tu.ac.th/all-undergrad-th/,10648,0,217
1747127619889,204,Sci tu for 20,500,Internal Server Error,20 concurrent users 2-15,text,false,,1857,351,20,29,https://sci.tu.ac.th/all-undergrad-th/,204,0,0
1747127609179,10964,Sci tu for 20,200,OK,20 concurrent users 2-16,text,true,,38462,351,20,29,https://sci.tu.ac.th/all-undergrad-th/,10782,0,211
1747127609228,11056,Sci tu for 10,200,OK,10 concurrent users 1-9,text,true,,38468,351,9,29,https://sci.tu.ac.th/all-undergrad-th/,10946,0,214
1747127620144,189,Sci tu for 20,500,Internal Server Error,20 concurrent users 2-16,text,false,,1857,351,20,29,https://sci.tu.ac.th/all-undergrad-th/,189,0,0
1747127620284,195,Sci tu for 10,500,Internal Server Error,10 concurrent users 1-9,text,false,,1857,351,9,29,https://sci.tu.ac.th/all-undergrad-th/,195,0,0
1747127620334,190,Sci tu for 20,500,Internal Server Error,20 concurrent users 2-16,text,false,,1857,351,20,29,https://sci.tu.ac.th/all-undergrad-th/,189,0,0
1747127620480,192,Sci tu for 10,500,Internal Server Error,10 concurrent users 1-9,text,false,,1857,351,9,29,https://sci.tu.ac.th/all-undergrad-th/,192,0,0
1747127611755,8958,Sci tu for 20,200,OK,20 concurrent users 2-2,text,true,,38463,351,20,29,https://sci.tu.ac.th/all-undergrad-th/,8937,0,0
1747127620672,194,Sci tu for 10,500,Internal Server Error,10 concurrent users 1-9,text,false,,1857,351,9,29,https://sci.tu.ac.th/all-undergrad-th/,194,0,0
1747127611789,9109,Sci tu for 10,200,OK,10 concurrent users 1-2,text,true,,38457,351,9,29,https://sci.tu.ac.th/all-undergrad-th/,9102,0,0
1747127620866,220,Sci tu for 10,500,Internal Server Error,10 concurrent users 1-9,text,false,,1857,351,9,29,https://sci.tu.ac.th/all-undergrad-th/,220,0,0
1747127620898,220,Sci tu for 10,500,Internal Server Error,10 concurrent users 1-2,text,false,,1857,351,8,28,https://sci.tu.ac.th/all-undergrad-th/,220,0,0
1747127621119,190,Sci tu for 10,500,Internal Server Error,10 concurrent users 1-2,text,false,,1857,351,8,28,https://sci.tu.ac.th/all-undergrad-th/,189,0,0
1747127611230,10262,Sci tu for 10,200,OK,10 concurrent users 1-1,text,true,,38465,351,8,28,https://sci.tu.ac.th/all-undergrad-th/,10250,0,0
1747127609378,12206,Sci tu for 20,200,OK,20 concurrent users 2-20,text,true,,38461,351,20,28,https://sci.tu.ac.th/all-undergrad-th/,12022,0,209
1747127609327,12328,Sci tu for 10,200,OK,10 concurrent users 1-10,text,true,,38462,351,8,28,https://sci.tu.ac.th/all-undergrad-th/,12147,0,215
1747127609328,12331,Sci tu for 20,200,OK,20 concurrent users 2-19,text,true,,38462,351,20,28,https://sci.tu.ac.th/all-undergrad-th/,12150,0,213
1747127609279,12423,Sci tu for 20,200,OK,20 concurrent users 2-18,text,true,,38466,351,20,28,https://sci.tu.ac.th/all-undergrad-th/,12316,0,214
1747127609228,12691,Sci tu for 20,200,OK,20 concurrent users 2-17,text,true,,38462,351,20,28,https://sci.tu.ac.th/all-undergrad-th/,12484,0,214
1747127612055,10812,Sci tu for 10,200,OK,10 concurrent users 1-3,text,true,,38468,351,8,28,https://sci.tu.ac.th/all-undergrad-th/,10761,0,0
1747127612102,10890,Sci tu for 20,200,OK,20 concurrent users 2-4,text,true,,38463,351,20,28,https://sci.tu.ac.th/all-undergrad-th/,10883,0,0
1747127611832,11171,Sci tu for 20,200,OK,20 concurrent users 2-1,text,true,,38467,351,20,28,https://sci.tu.ac.th/all-undergrad-th/,11111,0,0
1747127611955,11047,Sci tu for 20,200,OK,20 concurrent users 2-3,text,true,,38461,351,20,28,https://sci.tu.ac.th/all-undergrad-th/,10968,0,0
1747127612244,10754,Sci tu for 20,200,OK,20 concurrent users 2-6,text,true,,38465,351,20,28,https://sci.tu.ac.th/all-undergrad-th/,10743,0,0
1747127612677,10398,Sci tu for 20,200,OK,20 concurrent users 2-7,text,true,,38465,351,20,28,https://sci.tu.ac.th/all-undergrad-th/,10188,0,0
1747127612826,10491,Sci tu for 20,200,OK,20 concurrent users 2-5,text,true,,38465,351,20,28,https://sci.tu.ac.th/all-undergrad-th/,10090,0,0
1747127616900,10486,Sci tu for 10,200,OK,10 concurrent users 1-5,text,true,,38466,351,8,28,https://sci.tu.ac.th/all-undergrad-th/,10475,0,0
1747127616928,10459,Sci tu for 20,200,OK,20 concurrent users 2-8,text,true,,38199,351,20,28,https://sci.tu.ac.th/all-undergrad-th/,10450,0,0
1747127619400,9115,Sci tu for 10,200,OK,10 concurrent users 1-7,text,true,,38465,351,8,28,https://sci.tu.ac.th/all-undergrad-th/,9102,0,0
1747127619393,9596,Sci tu for 20,200,OK,20 concurrent users 2-10,text,true,,38465,351,20,28,https://sci.tu.ac.th/all-undergrad-th/,9422,0,0
1747127618958,10109,Sci tu for 20,200,OK,20 concurrent users 2-9,text,true,,38465,351,20,28,https://sci.tu.ac.th/all-undergrad-th/,10104,0,0
1747127619382,9831,Sci tu for 20,200,OK,20 concurrent users 2-12,text,true,,38464,351,19,27,https://sci.tu.ac.th/all-undergrad-th/,9755,0,0
1747127619284,10080,Sci tu for 20,200,OK,20 concurrent users 2-14,text,true,,38458,351,19,27,https://sci.tu.ac.th/all-undergrad-th/,10063,0,0
1747127619690,9689,Sci tu for 20,200,OK,20 concurrent users 2-11,text,true,,38467,351,19,27,https://sci.tu.ac.th/all-undergrad-th/,9678,0,0
1747127619468,9918,Sci tu for 10,200,OK,10 concurrent users 1-6,text,true,,38462,351,8,27,https://sci.tu.ac.th/all-undergrad-th/,9907,0,0
1747127619345,10414,Sci tu for 20,200,OK,20 concurrent users 2-13,text,true,,38470,351,19,27,https://sci.tu.ac.th/all-undergrad-th/,10398,0,0
1747127619815,9998,Sci tu for 10,200,OK,10 concurrent users 1-8,text,true,,38462,351,8,27,https://sci.tu.ac.th/all-undergrad-th/,9992,0,0
1747127620524,9788,Sci tu for 20,200,OK,20 concurrent users 2-16,text,true,,38462,351,19,27,https://sci.tu.ac.th/all-undergrad-th/,9770,0,0
1747127620093,10339,Sci tu for 20,200,OK,20 concurrent users 2-15,text,true,,38463,351,19,27,https://sci.tu.ac.th/all-undergrad-th/,10326,0,0
1747127620713,9864,Sci tu for 20,200,OK,20 concurrent users 2-2,text,true,,38464,351,19,27,https://sci.tu.ac.th/all-undergrad-th/,9826,0,0
1747127621309,9656,Sci tu for 10,200,OK,10 concurrent users 1-2,text,true,,38464,351,8,27,https://sci.tu.ac.th/all-undergrad-th/,9640,0,0
1747127621492,9510,Sci tu for 10,200,OK,10 concurrent users 1-1,text,true,,38468,351,7,26,https://sci.tu.ac.th/all-undergrad-th/,9493,0,0
1747127621655,9435,Sci tu for 10,200,OK,10 concurrent users 1-10,text,true,,38463,351,7,26,https://sci.tu.ac.th/all-undergrad-th/,9427,0,0
1747127621703,9704,Sci tu for 20,200,OK,20 concurrent users 2-18,text,true,,38463,351,19,26,https://sci.tu.ac.th/all-undergrad-th/,9694,0,0
1747127621919,9716,Sci tu for 20,200,OK,20 concurrent users 2-17,text,true,,38472,351,19,26,https://sci.tu.ac.th/all-undergrad-th/,9499,0,0
1747127621659,10064,Sci tu for 20,200,OK,20 concurrent users 2-19,text,true,,38463,351,19,26,https://sci.tu.ac.th/all-undergrad-th/,9710,0,0
1747127621585,10429,Sci tu for 20,200,OK,20 concurrent users 2-20,text,true,,38468,351,19,26,https://sci.tu.ac.th/all-undergrad-th/,10422,0,0
1747127623004,9246,Sci tu for 20,200,OK,20 concurrent users 2-6,text,true,,38470,351,19,26,https://sci.tu.ac.th/all-undergrad-th/,9238,0,0
1747127622867,9507,Sci tu for 10,200,OK,10 concurrent users 1-3,text,true,,38465,351,7,26,https://sci.tu.ac.th/all-undergrad-th/,9494,0,0
1747127622992,9565,Sci tu for 20,200,OK,20 concurrent users 2-4,text,true,,38461,351,19,26,https://sci.tu.ac.th/all-undergrad-th/,9558,0,0
1747127623004,9864,Sci tu for 20,200,OK,20 concurrent users 2-1,text,true,,38466,351,19,26,https://sci.tu.ac.th/all-undergrad-th/,9720,0,0
1747127623076,9863,Sci tu for 20,200,OK,20 concurrent users 2-7,text,true,,38464,351,19,26,https://sci.tu.ac.th/all-undergrad-th/,9655,0,0
1747127623318,9627,Sci tu for 20,200,OK,20 concurrent users 2-5,text,true,,38466,351,19,26,https://sci.tu.ac.th/all-undergrad-th/,9479,0,0
1747127623004,10337,Sci tu for 20,200,OK,20 concurrent users 2-3,text,true,,38462,351,19,26,https://sci.tu.ac.th/all-undergrad-th/,10329,0,0
1747127627387,9136,Sci tu for 10,200,OK,10 concurrent users 1-5,text,true,,38463,351,7,26,https://sci.tu.ac.th/all-undergrad-th/,9130,0,0
1747127627389,9753,Sci tu for 20,200,OK,20 concurrent users 2-8,text,true,,38199,351,19,26,https://sci.tu.ac.th/all-undergrad-th/,9732,0,0
1747127628516,8939,Sci tu for 10,200,OK,10 concurrent users 1-7,text,true,,38466,351,7,26,https://sci.tu.ac.th/all-undergrad-th/,8929,0,0
1747127629364,8538,Sci tu for 20,200,OK,20 concurrent users 2-14,text,true,,38465,351,19,26,https://sci.tu.ac.th/all-undergrad-th/,8512,0,0
1747127629213,8716,Sci tu for 20,200,OK,20 concurrent users 2-12,text,true,,38465,351,19,26,https://sci.tu.ac.th/all-undergrad-th/,8647,0,0
1747127629814,8188,Sci tu for 10,200,OK,10 concurrent users 1-8,text,true,,38467,351,7,26,https://sci.tu.ac.th/all-undergrad-th/,8183,0,0
1747127629759,8352,Sci tu for 20,200,OK,20 concurrent users 2-13,text,true,,38465,351,19,26,https://sci.tu.ac.th/all-undergrad-th/,8313,0,0
1747127629379,8732,Sci tu for 20,200,OK,20 concurrent users 2-11,text,true,,38469,351,19,26,https://sci.tu.ac.th/all-undergrad-th/,8693,0,0
1747127628990,9200,Sci tu for 20,200,OK,20 concurrent users 2-10,text,true,,38467,351,19,26,https://sci.tu.ac.th/all-undergrad-th/,9187,0,0
1747127629387,8840,Sci tu for 10,200,OK,10 concurrent users 1-6,text,true,,38463,351,7,26,https://sci.tu.ac.th/all-undergrad-th/,8829,0,0
1747127630312,8508,Sci tu for 20,200,OK,20 concurrent users 2-16,text,true,,38463,351,19,26,https://sci.tu.ac.th/all-undergrad-th/,8497,0,0
1747127630577,8284,Sci tu for 20,200,OK,20 concurrent users 2-2,text,true,,38468,351,18,25,https://sci.tu.ac.th/all-undergrad-th/,8273,0,0
1747127630432,8535,Sci tu for 20,200,OK,20 concurrent users 2-15,text,true,,38469,351,18,25,https://sci.tu.ac.th/all-undergrad-th/,8473,0,0
1747127631002,8229,Sci tu for 10,200,OK,10 concurrent users 1-1,text,true,,38460,351,7,25,https://sci.tu.ac.th/all-undergrad-th/,8221,0,0
1747127631091,8278,Sci tu for 10,200,OK,10 concurrent users 1-10,text,true,,38463,351,7,25,https://sci.tu.ac.th/all-undergrad-th/,8270,0,0
1747127631407,8216,Sci tu for 20,200,OK,20 concurrent users 2-18,text,true,,38465,351,18,25,https://sci.tu.ac.th/all-undergrad-th/,8194,0,0
1747127631723,8027,Sci tu for 20,200,OK,20 concurrent users 2-19,text,true,,38460,351,18,25,https://sci.tu.ac.th/all-undergrad-th/,8021,0,0
1747127632251,7825,Sci tu for 20,200,OK,20 concurrent users 2-6,text,true,,38461,351,18,25,https://sci.tu.ac.th/all-undergrad-th/,7806,0,0
1747127632014,8211,Sci tu for 20,200,OK,20 concurrent users 2-20,text,true,,38467,351,18,25,https://sci.tu.ac.th/all-undergrad-th/,8193,0,0
1747127631635,8737,Sci tu for 20,200,OK,20 concurrent users 2-17,text,true,,38464,351,18,25,https://sci.tu.ac.th/all-undergrad-th/,8530,0,0
1747127632375,8270,Sci tu for 10,200,OK,10 concurrent users 1-3,text,true,,38466,351,7,25,https://sci.tu.ac.th/all-undergrad-th/,8221,0,0
1747127632557,8136,Sci tu for 20,200,OK,20 concurrent users 2-4,text,true,,38465,351,18,25,https://sci.tu.ac.th/all-undergrad-th/,8129,0,0
1747127632868,8062,Sci tu for 20,200,OK,20 concurrent users 2-1,text,true,,38465,351,18,25,https://sci.tu.ac.th/all-undergrad-th/,7994,0,0
1747127632945,8039,Sci tu for 20,200,OK,20 concurrent users 2-5,text,true,,38469,351,18,25,https://sci.tu.ac.th/all-undergrad-th/,7929,0,0
1747127632939,8073,Sci tu for 20,200,OK,20 concurrent users 2-7,text,true,,38461,351,18,25,https://sci.tu.ac.th/all-undergrad-th/,7965,0,0
1747127633341,8342,Sci tu for 20,200,OK,20 concurrent users 2-3,text,true,,38464,351,18,25,https://sci.tu.ac.th/all-undergrad-th/,8335,0,0
1747127636523,8144,Sci tu for 10,200,OK,10 concurrent users 1-5,text,true,,38465,351,7,25,https://sci.tu.ac.th/all-undergrad-th/,8115,0,0
1747127637142,7663,Sci tu for 20,200,OK,20 concurrent users 2-8,text,true,,38200,351,18,25,https://sci.tu.ac.th/all-undergrad-th/,7647,0,0
1747127637455,7490,Sci tu for 10,200,OK,10 concurrent users 1-7,text,true,,38468,351,7,25,https://sci.tu.ac.th/all-undergrad-th/,7482,0,0
1747127638112,7193,Sci tu for 20,200,OK,20 concurrent users 2-11,text,true,,38463,351,18,25,https://sci.tu.ac.th/all-undergrad-th/,7178,0,0
1747127637902,7420,Sci tu for 20,200,OK,20 concurrent users 2-14,text,true,,38460,351,17,24,https://sci.tu.ac.th/all-undergrad-th/,7412,0,0
1747127638002,7555,Sci tu for 10,200,OK,10 concurrent users 1-8,text,true,,38467,351,7,24,https://sci.tu.ac.th/all-undergrad-th/,7548,0,0
1747127638111,7446,Sci tu for 20,200,OK,20 concurrent users 2-13,text,true,,38470,351,17,24,https://sci.tu.ac.th/all-undergrad-th/,7439,0,0
1747127637929,7708,Sci tu for 20,200,OK,20 concurrent users 2-12,text,true,,38461,351,17,24,https://sci.tu.ac.th/all-undergrad-th/,7643,0,0
1747127638191,7492,Sci tu for 20,200,OK,20 concurrent users 2-10,text,true,,38462,351,17,24,https://sci.tu.ac.th/all-undergrad-th/,7462,0,0
1747127638227,7695,Sci tu for 10,200,OK,10 concurrent users 1-6,text,true,,38464,351,7,24,https://sci.tu.ac.th/all-undergrad-th/,7682,0,0
1747127638967,7359,Sci tu for 20,200,OK,20 concurrent users 2-15,text,true,,38466,351,17,24,https://sci.tu.ac.th/all-undergrad-th/,7342,0,0
1747127638861,7895,Sci tu for 20,200,OK,20 concurrent users 2-2,text,true,,38464,351,16,23,https://sci.tu.ac.th/all-undergrad-th/,7885,0,0
1747127639231,7604,Sci tu for 10,200,OK,10 concurrent users 1-1,text,true,,38465,351,7,22,https://sci.tu.ac.th/all-undergrad-th/,7595,0,0
1747127639369,7519,Sci tu for 10,200,OK,10 concurrent users 1-10,text,true,,38466,351,6,21,https://sci.tu.ac.th/all-undergrad-th/,7512,0,0
1747127639624,7324,Sci tu for 20,200,OK,20 concurrent users 2-18,text,true,,38461,351,15,21,https://sci.tu.ac.th/all-undergrad-th/,7314,0,0
1747127639750,7208,Sci tu for 20,200,OK,20 concurrent users 2-19,text,true,,38462,351,15,21,https://sci.tu.ac.th/all-undergrad-th/,7203,0,0
1747127640076,7225,Sci tu for 20,200,OK,20 concurrent users 2-6,text,true,,38466,351,15,21,https://sci.tu.ac.th/all-undergrad-th/,7218,0,0
1747127640225,7399,Sci tu for 20,200,OK,20 concurrent users 2-20,text,true,,38463,351,14,20,https://sci.tu.ac.th/all-undergrad-th/,7390,0,0
1747127640372,7539,Sci tu for 20,200,OK,20 concurrent users 2-17,text,true,,38467,351,14,20,https://sci.tu.ac.th/all-undergrad-th/,7331,0,0
1747127640645,7307,Sci tu for 10,200,OK,10 concurrent users 1-3,text,true,,38469,351,6,20,https://sci.tu.ac.th/all-undergrad-th/,7299,0,0
1747127640694,7319,Sci tu for 20,200,OK,20 concurrent users 2-4,text,true,,38463,351,14,19,https://sci.tu.ac.th/all-undergrad-th/,7312,0,0
1747127640931,7100,Sci tu for 20,200,OK,20 concurrent users 2-1,text,true,,38464,351,13,18,https://sci.tu.ac.th/all-undergrad-th/,7093,0,0
1747127641012,7218,Sci tu for 20,200,OK,20 concurrent users 2-7,text,true,,38464,351,12,17,https://sci.tu.ac.th/all-undergrad-th/,7111,0,0
1747127640985,7303,Sci tu for 20,200,OK,20 concurrent users 2-5,text,true,,38466,351,11,16,https://sci.tu.ac.th/all-undergrad-th/,7198,0,0
1747127641684,6975,Sci tu for 20,200,OK,20 concurrent users 2-3,text,true,,38463,351,10,15,https://sci.tu.ac.th/all-undergrad-th/,6967,0,0
1747127644666,5766,Sci tu for 10,200,OK,10 concurrent users 1-5,text,true,,38465,351,5,14,https://sci.tu.ac.th/all-undergrad-th/,5759,0,0
1747127644805,5700,Sci tu for 20,200,OK,20 concurrent users 2-8,text,true,,38203,351,9,13,https://sci.tu.ac.th/all-undergrad-th/,5683,0,0
1747127645321,5296,Sci tu for 20,200,OK,20 concurrent users 2-14,text,true,,38465,351,8,12,https://sci.tu.ac.th/all-undergrad-th/,5290,0,0
1747127644944,5742,Sci tu for 10,200,OK,10 concurrent users 1-7,text,true,,38468,351,4,11,https://sci.tu.ac.th/all-undergrad-th/,5548,0,0
1747127645636,5147,Sci tu for 20,200,OK,20 concurrent users 2-12,text,true,,38464,351,7,10,https://sci.tu.ac.th/all-undergrad-th/,5141,0,0
1747127645557,5242,Sci tu for 10,200,OK,10 concurrent users 1-8,text,true,,38465,351,3,9,https://sci.tu.ac.th/all-undergrad-th/,5224,0,0
1747127645557,5247,Sci tu for 20,200,OK,20 concurrent users 2-13,text,true,,38464,351,6,8,https://sci.tu.ac.th/all-undergrad-th/,5192,0,0
1747127645683,5158,Sci tu for 20,200,OK,20 concurrent users 2-10,text,true,,38465,351,5,7,https://sci.tu.ac.th/all-undergrad-th/,5139,0,0
1747127645927,4954,Sci tu for 10,200,OK,10 concurrent users 1-6,text,true,,38471,351,2,6,https://sci.tu.ac.th/all-undergrad-th/,4945,0,0
1747127646957,4107,Sci tu for 20,200,OK,20 concurrent users 2-19,text,true,,38462,351,4,5,https://sci.tu.ac.th/all-undergrad-th/,4101,0,0
1747127646888,4211,Sci tu for 10,200,OK,10 concurrent users 1-10,text,true,,38461,351,1,4,https://sci.tu.ac.th/all-undergrad-th/,4203,0,0
1747127646948,4212,Sci tu for 20,200,OK,20 concurrent users 2-18,text,true,,38465,351,3,3,https://sci.tu.ac.th/all-undergrad-th/,4163,0,0
1747127647624,3597,Sci tu for 20,200,OK,20 concurrent users 2-20,text,true,,38464,351,2,2,https://sci.tu.ac.th/all-undergrad-th/,3584,0,0
1747127647912,3552,Sci tu for 20,200,OK,20 concurrent users 2-17,text,true,,38464,351,1,1,https://sci.tu.ac.th/all-undergrad-th/,3344,0,0
